twitter,url,name,location
100reporters,http://100r.org/,100Reporters,Washington
11alivenews,https://www.11alive.com,11Alive News,Atlanta
12newsnow,https://www.12newsnow.com/,12 News Now,Beaumont
13wmaznews,https://www.13wmaz.com,13WMAZ News,Macon
14eastmag,http://fourteeneastmag.com/,14 East,Chicago
19thnews,https://19thnews.org/,19th,Austin
3newsnowomaha,https://www.3newsnow.com/,KMTV 3 News Now,Omaha
404mediaco,https://www.404media.co/,404 Media,San Francisco
41nbc,https://www.41nbc.com,41NBC / WMGT,Macon
6abc,https://6abc.com/,6abc,Philadelphia
9news,https://www.9news.com/,9NEWS Denver,Denver
9to5mac,https://9to5mac.com/,9to5Mac,Cupertino
abc,https://abcnews.go.com/,ABC News,New York City
abc15,https://www.abc15.com/,ABC15 Arizona,Phoenix
abc3340,https://abc3340.com/,ABC 33/40 News,Birmingham
abc7,https://abc7.com/,ABC7,Los Angeles
abc7breaking,https://kvia.com/,KVIA,El Paso
abc7newsbayarea,https://abc7news.com/,ABC7 News,San Francisco
aberdeennews,https://www.aberdeennews.com/,Aberdeen News,Aberdeen
abqbizfirst,https://www.bizjournals.com/albuquerque/,Albuquerque Business First,Albuquerque
abqjournal,https://www.abqjournal.com/,Albuquerque Journal,Albuquerque
adndotcom,https://www.adn.com/,Anchorage Daily News,Anchorage
aftermath_site,https://aftermath.site/,Aftermath,Albany
ainonline,https://www.ainonline.com/,Aviation International News,Midland Park
airlinereporter,https://www.airlinereporter.com/,Airline Reporter,Seattle
airwaysmagazine,https://airwaysmag.com/,Airways,Miami
ajc,https://www.ajc.com/,Atlanta Journal-Constitution,Atlanta
aknewsnow,https://www.alaskasnewssource.com/,Alaska’s News Source,Anchorage
akpublicnews,https://alaskapublic.org/,Alaska Public Media,Anchorage
alamogordonews,https://www.alamogordonews.com/,Alamogordo Daily News,Alamogordo
albany_herald,https://www.albanyherald.com,Albany Herald,Albany
aldotcom,https://www.al.com/,Alabama Media Group,Montgomery
alliancereview,https://www.the-review.com/,The Alliance Review,Alliance
alpublicradio,https://www.apr.org/,Alabama Public Radio,Tuscaloosa
alreporter,https://www.alreporter.com/,Alabama Reporter,Montgomery
alternet,https://www.alternet.org/,AlterNet,Washington
amarilloglobe,https://www.amarillo.com/,Amarillo Globe-News,Amarillo
amerindependent,https://americanindependent.com/,American Independent,Washington
amestribnews,https://www.amestrib.com/,Ames Tribune,Ames
anchoragepress,https://www.anchoragepress.com/,Anchorage Press,Anchorage
andscape,https://andscape.com/,Andscape,Washington
ap,https://apnews.com/,Associated Press,New York City
apmreports,https://www.apmreports.org/,APM Reports,St. Paul
appalachia100,https://www.100daysinappalachia.com/,100 Days in Appalachia,Morgantown
argusleader,https://www.argusleader.com/,Sioux Falls Argus Leader,Sioux Falls
arizcir,https://azcir.org/,Arizona Center for Investigative Reporting,Phoenix
arkansasonline,https://www.arkansasonline.com/,Arkansas Democrat Gazette,Little Rock
arkbusiness,https://www.arkansasbusiness.com/,Arkansas Business,Little Rock
arknewsorg,https://arknews.org/,Arkansas Nonprofit News Network,Little Rock
arktimes,https://arktimes.com/,Arkansas Times,Little Rock
arstechnica,https://arstechnica.com/,Ars Technica,New York City
asburyparkpress,https://www.app.com/,Asbury Park Press,Asbury Park
asheville,https://www.citizen-times.com/,Asheville Citizen-Times,Asheville
ashlandornews,https://ashland.news/,Ashland.news,Ashland
aspendailynews,https://www.aspendailynews.com/,Aspen Daily News,Aspen
aspenjournalism,https://aspenjournalism.org/,Aspen Journalism,Aspen
aspenpubradio,https://www.aspenpublicradio.org/,Aspen Public Radio,Aspen
atlblog,https://abovethelaw.com/,Above the Law,New York City
atlciviccircle,https://atlantaciviccircle.org/,Atlanta Civic Circle,Atlanta
aug_chronicle,https://www.augustachronicle.com,Augusta Chronicle,Augusta
austinchronicle,https://www.austinchronicle.com/,Austin Chronicle,Austin
austinvida,https://www.austinvida.com/,Austin Vida,Austin
aviationnews,https://www.aerotime.aero/,AeroTime Hub,America
aviationweek,https://aviationweek.com/,Aviation Week,New York City
avlwatchdog,https://avlwatchdog.org/,Asheville Watchdog,Asheville
axios,https://www.axios.com/,Axios,Washington
azcentral,https://www.azcentral.com/,Arizona Republic,Phoenix
azds,https://azdailysun.com/,Arizona Daily Sun,Flagstaff
badger_project_,https://thebadgerproject.org/,Badger Project,Madison
bakersfieldcali,https://www.bakersfield.com/,Bakersfield Californian,Bakersfield
baltbeat,https://baltimorebeat.com/,Baltimore Beat,Baltimore
baltbizonline,https://www.bizjournals.com/baltimore/,Baltimore Business Journal,Baltimore
baltfishbowl,https://baltimorefishbowl.com/,Baltimore Fishbowl,Baltimore
baltimorebanner,https://www.thebaltimorebanner.com/,Baltimore Banner,Baltimore
baltimorebrew,https://www.baltimorebrew.com/,Baltimore Brew,Baltimore
baltimoremag,https://www.baltimoremagazine.com/,Baltimore Magazine,Baltimore
baltimoresun,https://www.baltimoresun.com/,The Baltimore Sun,Baltimore
bangordailynews,https://www.bangordailynews.com/,Bangor Daily News,Bangor
bariweiss,https://www.thefp.com/,Free Press,Los Angeles
barnpat,https://www.barnstablepatriot.com/,The Barnstable Patriot,Barnstable
bartlesvilleee,https://www.examiner-enterprise.com/,Examiner-Enterprise,Bartlesville
baruchticker,https://theticker.org/,Ticker,New York City
baynature,https://baynature.org/,Bay Nature,Berkeley
bcenquirer,https://www.battlecreekenquirer.com/,Battle Creek Enquirer,Battle Creek
bcn_foundation,http://www.localnewsmatters.org/,Local News Matters,Berkeley
bctimes,https://www.timesonline.com/,The Beaver County Times,Beaver
beaconjournal,https://www.beaconjournal.com/,Akron Beacon Journal,Akron
beaufortgazette,http://www.beaufortgazette.com,Beaufort Gazette,Beaufort
bellevillenewsd,http://www.bnd.com,Belleville News Democrat,Belleville
belt_magazine,http://beltmag.com/,Belt Magazine,Cleveland
berkeleyside,https://berkeleyside.org/,The Berkeleyside,Berkeley
berkshireeagle,https://www.berkshireeagle.com/,Berkshire Eagle,Pittsfield
bettergov,https://www.bettergov.org/,Better Government Association,Chicago
bfp_news,https://www.burlingtonfreepress.com/,Burlington Free Press,Burlington
bgdailynews,https://www.bgdailynews.com/,Bowling Green Daily News,Bowling Green
bhamherald,http://www.bellinghamherald.com,Bellingham Herald,Bellingham
bhamwatch,http://birminghamwatch.org/,BirminghamWatch,Birmingham
billingsgazette,https://billingsgazette.com/,Billings Gazette,Billings
billy_penn,https://billypenn.com/,Billy Penn,Philadelphia
binjreports,https://www.binjonline.org/,Boston Institute for Nonprofit Journalism,Somerville
bistrib,https://bismarcktribune.com/,The Bismarck Tribune,Bismarck
bklyner,https://bklyner.com/,Bklyner,Brooklyn
blackbygodwv,https://blackbygod.org/,Black by God,Black Appalachia
blaw,https://news.bloomberglaw.com/,Bloomberg Law,New York City
bleacherreport,https://bleacherreport.com/,Bleacher Report,New York City
bleepincomputer,https://www.bleepingcomputer.com/,BleepingComputer,New York City
blockclubchi,https://blockclubchicago.org/,Block Club Chicago,Chicago
blueridgenow,https://www.blueridgenow.com/,blueridgenow.com,Hendersonville
blufftontoday,https://www.blufftontoday.com/,Bluffton Today,Bluffton
bmtenterprise,https://www.beaumontenterprise.com/,Beaumont Enterprise,Beaumont
boingboing,https://boingboing.net/,Boing Boing,San Francisco
bonappetit,https://www.bonappetit.com/,Bon Appetit,New York City
bonginoreport,https://bonginoreport.com/,Bongino Report,Florida
borderless_mag,https://borderlessmag.org/,Borderless,Chicago
bosbizjournal,https://www.bizjournals.com/boston/,Boston Business Journal,Boston
bostonglobe,https://www.bostonglobe.com/,Boston Globe,Boston
bostonherald,https://www.bostonherald.com/,Boston Herald,Boston
bradentonherald,http://www.bradenton.com,Bradenton Herald,Bradenton
breakingnews_rs,https://www.redding.com/,Redding Record Searchlight,Redding
brecktexan,https://breckenridgetexan.com/,Breckenridge Texan,Breckenridge
breitbartnews,https://www.breitbart.com/,Breitbart,Los Angeles
brooklynpaper,https://www.brooklynpaper.com/,Brooklyn Paper,New York City
brunswick_news,https://www.thebrunswicknews.com,The Brunswick News,Brunswick
buckscoherald,https://buckscountyherald.com/,Bucks County Herald,Lahaska
bucyrustf,https://www.bucyrustelegraphforum.com/,Bucyrus Telegraph Forum,Bucyrus
bulwarkonline,https://www.thebulwark.com/,Bulwark,Washington
burlcotimes,https://www.burlingtoncountytimes.com/,Burlington County Times,Willingboro
business,https://www.bloomberg.com/,Bloomberg,New York City
buzzfeednews,https://www.buzzfeednews.com/,Buzzfeed News,New York City
callerdotcom,https://www.caller.com/,Corpus Christi Caller Times,Corpus Christi
calmatters,https://calmatters.org/,Calmatters,Sacramento
canopyatl,http://canopyatlanta.org/,Canopy Atlanta,Atlanta
cantonledger,https://www.cantondailyledger.com/,Canton Daily Ledger,Canton
cantonrepdotcom,https://www.cantonrep.com/,The Canton Repository,Canton
capecodtimes,https://www.capecodtimes.com/,Cape Cod Times,Hyannis
capgaznews,https://www.capitalgazette.com/,Capital Gazette,Annapolis
capitalandmain,https://capitalandmain.com/,Capital & Main,Los Angeles
capitalb_atl,https://atlanta.capitalbnews.org/,Capital B Atlanta,Atlanta
capitolnewsil,https://www.capitolnewsillinois.com/,Capitol News Illinois,Springfield
capradionews,https://www.capradio.org/,CapRadio,Sacramento
cbs46,https://www.cbs46.com,CBS46,Atlanta
cbs7news,https://www.cbs7.com/,CBS7,Odessa
cbschicago,https://www.cbsnews.com/chicago/,CBS Chicago,Chicago
cbsnews,https://www.cbsnews.com/,CBS News,New York City
ccurrentargus,https://www.currentargus.com/,Carlsbad Current-Argus,Carlsbad
centredaily,http://www.centredaily.com,Centre Daily Times,State College
chalkbeat,https://www.chalkbeat.org/,Chalkbeat,New York City
chesbayjournal,https://www.bayjournal.com/,Chesapeake Bay Journal,Mayo
chesscom,https://www.chess.com/news,Chess.com,San Francisco
chicago_reader,https://chicagoreader.com/,Chicago Reader,Chicago
chicagoreporter,https://www.chicagoreporter.com/,Chicago Reporter,Chicago
chicagotribune,https://www.chicagotribune.com/,Chicago Tribune,Chicago
chieftainnews,https://www.chieftain.com/,The Pueblo Chieftain,Pueblo
chilligaz,https://www.chillicothegazette.com/,Chillicothe Gazette,Chillicothe
ciceronoticias,https://www.ciceroindependiente.com/,Cicero Independiente,Cicero
cityandstateny,https://www.cityandstateny.com/,City & State New York,New York City
cityjournal,https://www.city-journal.org/,City Journal,New York City
citylimitsnews,http://www.citylimits.org/,City Limits,New York City
civic_lex,https://civiclex.org/,CivicLex,Lexington
civilbeat,https://www.civilbeat.org/,Honolulu Civil Beat,Honolulu
cjonline,https://www.cjonline.com/,The Topeka Capital-Journal,Topeka
cjr,https://www.cjr.org/,Columbia Journalism Review,New York City
clarionledger,https://www.clarionledger.com/,Clarion Ledger,Jackson
claytoncrescent,https://claytoncrescent.org/,Clayton Crescent,Jonesboro
cnbc,https://www.cnbc.com/,CNBC,New York City
cnet,https://www.cnet.com/,CNET,San Francisco
cnn,https://www.cnn.com/,CNN,Atlanta
cnsmd,https://cnsmaryland.org/,Capital News Service,College Park
codaily,https://centraloregondaily.com/,Central Oregon Daily,Bend
coindesk,https://www.coindesk.com/,CoinDesk,New York City
colabnewsco,https://colabnews.co/,Colorado News Collaborative,Denver
coloradoan,https://www.coloradoan.com/,Fort Collins Coloradoan,Fort Collins
coloradosun,https://coloradosun.com/,Colorado Sun,Denver
columbiatribune,https://www.columbiatribune.com/,Columbia Daily Tribune,Columbia
comissourian,https://www.columbiamissourian.com/,Columbia Missourian,Columbia
commondreams,https://www.commondreams.org/,Common Dreams,Maine
connpost,https://www.ctpost.com/,Connecticut Post,Bridgeport
conversationus,https://theconversation.com/us,Conversation U.S.,Waltham
cookpolitical,https://www.cookpolitical.com/,Cook Political Report,Washington
coshtribune,https://www.coshoctontribune.com/,Coshocton Tribune,Coshocton
courier_tribune,https://www.courier-tribune.com/,The Courier-Tribune,Asheboro
courierjournal,https://www.courier-journal.com/,Louisville Courier-Journal,Louisville
courierpress,https://www.courierpress.com/,Evansville Courier & Press,Evansville
couriertimes,https://www.buckscountycouriertimes.com/,Bucks County Courier Times,Levittown
cprnews,https://www.cpr.org/,Colorado Public Radio,Centennial
cpsj,https://www.courierpostonline.com/,Cherry Hill Courier Post,Cherry Hill
cpublicpress,https://carolinapublicpress.org/,Carolina Public Press,Asheville
cqnow,https://info.cq.com/,CQ,Washington
crucessunnews,https://www.lcsun-news.com/,Las Cruces Sun News,Las Cruces
csgazette,https://gazette.com/,Colorado Springs Gazette,Colorado Springs
cstribune,https://trib.com/,Casper Star-Tribune,Casper
ctmagazine,https://www.christianitytoday.com/,Christianity Today,Carol Stream
ctmirror,https://ctmirror.org/,Connecticut Mirror,Hartford
curbed,https://www.curbed.com/,Curbed,New York City
dailyamerican,https://www.dailyamerican.com/,Daily American,Somerset
dailycaller,https://dailycaller.com/,Daily Caller,Washington
dailycamera,https://www.dailycamera.com/,Daily Camera,Boulder
dailycomet,https://www.dailycomet.com/,Daily Comet,Thibodaux
dailycommercial,https://www.dailycommercial.com/,Leesburg Daily Commercial,Leesburg
dailyherald,https://www.dailyherald.com/,Daily Herald,Arlington
dailyjeff,https://www.daily-jeff.com/,The Daily Jeffersonian,Cambridge
dailykos,https://www.dailykos.com/,Daily Kos,Washington
dailyneb,https://www.dailynebraskan.com/,Daily Nebraskan,Lincoln
dailypenn,https://www.thedp.com/,Daily Penn,Philadelphia
dailyrecord,https://www.dailyrecord.com/,Parsippany Daily Record,Morristown
dailytarheel,https://www.dailytarheel.com,Daily Tarheel,Chapel Hill
dailyyonder,https://www.dailyyonder.com/,Daily Yonder,Whitesburg
dallasbiznews,https://www.bizjournals.com/dallas/,Dallas Business Journal,Dallas
dallasconews,https://www.adelnews.com/,Dallas County News,Adel
dallasfreepress,https://www.dallasfreepress.com/,Dallas Free Press,Dallas
dallasnews,https://www.dallasnews.com/,Dallas Morning News,Dallas
dandc,https://www.democratandchronicle.com/,Rochester Democrat and Chronicle,Rochester
dbnewsjournal,https://www.news-journalonline.com/,The Daytona Beach News-Journal,Daytona Beach
dcexaminer,https://www.washingtonexaminer.com/,Washington Examiner,Washington
deadline,https://deadline.com/,Deadline,Los Angeles
deadspin,https://deadspin.com/,Deadspin,New York City
decisiondeskhq,https://decisiondeskhq.com/,Decision Desk HQ,Washington
defectormedia,https://defector.com/,Defector,New York City
delawareonline,https://www.delawareonline.com/,Delaware Online,Wilmington
delawarepublic,https://www.delawarepublic.org/,Delaware Public Media,Dover
delawaretoday,https://delawaretoday.com/,Delaware Today,Wilmington
demingheadlight,https://www.demingheadlight.com/,Deming Headlight,Deming
democracynow,https://www.democracynow.org/,Democracy Now!,New York City
denverchannel,https://www.thedenverchannel.com/,Denver7,Denver
denverite,https://denverite.com/,Denverite,Denver
denverpost,https://www.denverpost.com/,Denver Post,Denver
deseret,https://www.deseret.com/,Deseret News,Salt Lake City
desert_oracle,https://www.desertoracle.com/,Desert Oracle,Joshua Tree
desertsunnews,https://www.desertsun.com/,Palm Springs Desert Sun,Palm Springs
destinlog,https://www.thedestinlog.com/,The Destin Log,Destin
detroitnews,https://www.detroitnews.com/,Detroit News,Detroit
devilslakenews,https://www.devilslakejournal.com/,Devils Lake Journal,Devils Lake
discovermag,https://www.discovermagazine.com/,Discover,New York City
discovery,https://www.discovery.com/,Discovery,Washington
dispatchalerts,https://www.dispatch.com/,The Columbus Dispatch,Columbus
dmregister,https://www.desmoinesregister.com/,Des Moines Register,Des Moines
dnj_com,https://www.dnj.com/,Murfreesboro Daily News Journal,Murfreesboro
dnyuzcom,https://dnyuz.com/,Dnyuz,New York City
documentedny,https://documentedny.com/,Documented,New York City
doorcountyknock,https://www.doorcountyknock.org/,Door County Knock,Egg Harbor
dronedj,https://dronedj.com/,Drone DJ,New York City
drudge,https://drudgereport.com/,Drudge Report,Miami
dvillechief,https://www.donaldsonvillechief.com/,Donaldsonville Chief,Donaldsonville
eaglegazette,https://www.lancastereaglegazette.com/,Lancaster Eagle-Gazette,Lancaster
eastbaytimes,https://www.eastbaytimes.com/,East Bay Times,Walnut Creek
eastlansinginfo,http://www.eastlansinginfo.news/,East Lansing Info,East Lansing
eater,https://www.eater.com/,Eater,New York City
echopilot,https://www.echo-pilot.com/,Echo-Pilot,Greencastle
ecledger,https://www.ellwoodcityledger.com/,Ellwood City Ledger,Ellwood City
edsource,https://edsource.org/,EdSource,Oakland
eenewsupdates,https://www.eenews.net/,E&E News,Washington
el_timpano,https://www.eltimpano.org/,El Tímpano,Oakland
elnuevoherald,http://www.elnuevoherald.com,El Nuevo Herald,Miami
elpasomatters,https://elpasomatters.org/,El Paso Matters,El Paso
elpasotimes,https://www.elpasotimes.com/,El Paso Times,ElPaso
enews,https://www.eonline.com/,E!,Los Angeles
engadget,https://www.engadget.com/,Engadget,Silicon Valley
enquirer,https://www.cincinnati.com/,Cincinnati Enquirer,Cincinnati
enterprisenews,https://www.enterprisenews.com/,The Enterprise,Brockton
epochtimes,https://www.theepochtimes.com/,Epoch Times,New York City
espn,https://www.espn.com/,ESPN,Stamford
evroundtable,https://evanstonroundtable.com/,Evanston RoundTable,Evanston
examinationnews,https://www.theexamination.org/,Examination,Chicago
expressnews,https://www.expressnews.com/,San Antonio Express-News,San Antonio
fairmediawatch,https://fair.org/,Fairness and Accuracy in Reporting,New York City
fastcompany,https://www.fastcompany.com/,Fast Company,New York City
fayobserver,https://www.fayobserver.com/,The Fayetteville Observer,Fayetteville
fdlreporter,https://www.fdlreporter.com/,Fond du Lac Reporter,Fond Du Lac
fdrlst,https://thefederalist.com/,Federalist,Washington
fi2w,https://fi2w.org/,Feet in 2 Worlds,New York City
firstthingsmag,https://www.firstthings.com/,First Things,New York City
fivethirtyeight,https://fivethirtyeight.com/,FiveThirtyEight,New York City
fla_pol,https://floridapolitics.com/,Florida Politics,Tampa
flatwaterfreep,https://www.flatwaterfreepress.org/,Flatwater Free Press,Omaha
flintbeat,https://flintbeat.com/,Flint Beat,Flint
florida_bulldog,https://www.floridabulldog.org/,Florida Bulldog,Fort Lauderdale
florida_today,https://www.floridatoday.com/,Brevard Florida Today,Viera
flphoenixnews,https://floridaphoenix.com/,Florida Phoenix,Tallahassee
forbes,https://www.forbes.com/,Forbes,New York City
foreignpolicy,https://foreignpolicy.com/,Foreign Policy,Washington
fortunemagazine,https://fortune.com/,Fortune,New York City
fortworthreport,https://fortworthreport.org/,Fort Worth Report,Fort Worth
fostersdailydem,https://www.fosters.com/,Foster's Daily Democrat,Dover
fox12oregon,https://www.kptv.com/,Fox 12 Oregon,Beaverton
fox29philly,https://www.fox29.com/,FOX29 Philly,Philadelphia
fox5atlanta,https://www.fox5atlanta.com,Fox 5 Atlanta,Atlanta
fox5ny,https://www.fox5ny.com/,Fox 5 New York,New York City
foxla,https://www.foxla.com/,FOX 11 Los Angeles,Los Angeles
foxnews,https://www.foxnews.com/,Fox News,New York City
foxsports,https://www.foxsports.com/,Fox Sports,New York City
frednewspost,https://www.fredericknewspost.com/,Frederick News-Post,Frederick
freebeacon,https://freebeacon.com/,Washington Free Beacon,Washington
freep,https://www.freep.com/,Detroit Free Press,Detroit
freethinkmedia,https://www.freethink.com/,Freethink,San Francisco
fremontnm,https://www.thenews-messenger.com/,Fremont News Messenger,Fremont
fresnobee,http://www.fresnobee.com,The Fresno Bee,Fresno
futurism,https://futurism.com/,Futurism,New York City
gadsdentimes,https://www.gadsdentimes.com/,The Gadsden Times,Gadsden
gainesvillesun,https://www.gainesville.com/,Gainesville Sun,Gainesville
galesburg,https://www.galesburg.com/,The Galesburg Register-Mail,Galesburg
galvnews,https://www.galvnews.com/,Galveston County Daily News,Galveston
gardner_news,https://www.thegardnernews.com/,The Gardner News,Gardner
gastongazette,https://www.gastongazette.com/,Gaston Gazette,Gastonia
gatewaypundit,https://www.thegatewaypundit.com/,Gateway Pundit,St. Louis
gawker,https://www.gawker.com/,Gawker,New York City
gazettedotcom,https://www.thegazette.com/,Cedar Rapids Gazette,Cedar Rapids
gbpressgazette,https://www.greenbaypressgazette.com/,Green Bay Press-Gazette,Green Bay
gcm_nf,https://www.growingcommunitymedia.org/,Austin Weekly News,Oak Park
gen_republic,https://www.geneseorepublic.com/,Geneseo Republic,Geneseo
getfandom,https://www.fandom.com/,Fandom,San Francisco
gfherald,https://www.grandforksherald.com/,Grand Forks Herald,Grand Forks
gftribune,https://www.greatfallstribune.com/,Great Falls Tribune,Great Falls
gigharbornow,https://www.gigharbornow.org/,Gig Harbor Now,Gig Harbor
gizmodo,https://gizmodo.com/,Gizmodo,San Francisco
goerie,https://www.goerie.com/,GoErie.com,Erie
gosanangelo,https://www.gosanangelo.com/,The San Angelo Standard-Times,San Angelo
gothamgazette,https://www.gothamgazette.com/,Gotham Gazettee,New York City
gothamist,https://gothamist.com/,Gothamist,New York City
goupstate,https://www.goupstate.com/,Spartanburg Herald-Journal,Spartanburg
gpbnews,https://www.gpb.org/news,Georgia Public Broadcasting,Atlanta
gradynewsource,https://gradynewsource.uga.edu/,Grady Newsource,Athens
green_footballs,http://littlegreenfootballs.com/,Little Green Footballs,Los Angeles
greenvillenews,https://www.greenvilleonline.com/,Greenville News,Greenville
grist,https://grist.org/,Grist,Seattle
gtimes,https://www.gainesvilletimes.com/,Gainesville Times,Gainesville
gwinnettdaily,https://www.gwinnettdailypost.com,Gwinnett Daily Post,Lawrenceville
harpers,https://harpers.org/,Harper’s,New York City
hartfordcourant,https://www.courant.com/,Hartford Courant,Hartford
hburgamerican,https://www.hattiesburgamerican.com/,Hattiesburg American,Hattiesburg
hellgateny,https://www.hellgatenyc.com/,Hell Gate,New York City
heraldleader,https://www.kentucky.com/,Lexington Herald-Leader,Lexington
heraldmailnews,https://www.heraldmailmedia.com/,Herald-Mail Media,Hagerstown
heraldtribune,https://www.heraldtribune.com/,Sarasota Herald-Tribune,Sarasota
hiddencityphila,http://hiddencityphila.org/,Hidden City Daily,Philadelphia
highcountrynews,https://www.hcn.org/,High Country News,Paonia
hitribuneherald,https://www.hawaiitribune-herald.com/,Hawaii Tribune Herald,Hilo
hnnow,https://www.heraldnews.com/,The Fall River Herald News,Fall River
hollandsentinel,https://www.hollandsentinel.com/,hollandsentinel.com,Holland
hornelltribune,https://www.eveningtribune.com/,The Hornell Evening Tribune,Hornell
hotairblog,https://hotair.com/,HotAir,Washington
hou_landing,https://www.houstonlanding.org/,Houston Landing,Houston
houmatoday,https://www.houmatoday.com/,Houma Today,Houma
houstonchron,https://www.houstonchronicle.com/,Houston Chronicle,Houston
htrnews,https://www.htrnews.com/,Herald Times Reporter,Manitowoc
huffpost,https://www.huffpost.com/,Huffington Post,New York City
humanevents,https://humanevents.com/,Human Events,Washington
humansofny,https://www.humansofnewyork.com/,Humans of New York,New York City
hutchnews,https://www.hutchnews.com/,The Hutchinson News,Hutchinson
hwherald,https://harveyworld.org/,Harvey World Herald,Harvey
icijorg,https://www.icij.org/,ICIJ,Washington
idahostatesman,http://www.idahostatesman.com,Idaho Statesman,Boise
indedotcom,https://www.indeonline.com/,The Massillon Independent,Massillon
independentmail,https://www.independentmail.com/,Anderson Independent-Mail,Anderson
indiancountry,https://indiancountrytoday.com/,Indian Country Today,Phoenix
indystar,https://www.indystar.com/,The Indianapolis Star,Indianapolis
inewsource,https://inewsource.org/,inewsource,San Diego
infowars,https://www.infowars.com/,Infowars,Austin
injusticewatch,https://www.injusticewatch.org/,Injustice Watch,Chicago
insideclimate,https://insideclimatenews.org/,Inside Climate News,Brooklyn
inthesetimesmag,https://inthesetimes.com/,In These Times ,Chicago
ioniassnews,https://www.sentinel-standard.com/,Ionia Sentinel-Standard,Ionia
iowapublicradio,https://www.iowapublicradio.org/,Iowa Public Radio,Des Moines
islandpacket,http://www.islandpacket.com,The Island Packet,Hilton Head Island
ithacajournal,https://www.ithacajournal.com/,Ithaca Journal,Ithaca
jacksonholenews,https://www.jhnewsandguide.com/,Jackson Hole News&Guide,Jackson Hole
jacobin,https://jacobin.com/,Jacobin,New York City
jaxdotcom,https://www.jacksonville.com/,Florida Times-Union,Jacksonville
jconline,https://www.jconline.com/,Lafayette Journal & Courier,Lafayette
jdnews,https://www.jdnews.com/,"The Daily News - Jacksonville, NC",Jacksonville
jessicavalenti,https://jessica.substack.com/,All in Her Head,Brooklyn
jewishcurrents,https://www.jewishcurrents.org/,Jewish Currents,Brooklyn
jezebel,https://jezebel.com/,Jezebel,New York City
johncombest,https://johncombest.com/,John Combest,Jefferson City
joplinglobe,https://www.joplinglobe.com/,Joplin Globe,Joplin
journalsentinel,https://www.jsonline.com/,Milwaukee Journal Sentinel,Milwaukee
journalstandard,https://www.journalstandard.com/,Freeport Journal-Standard,Freeport
journalstarnews,https://journalstar.com/,Lincoln Journal Star,Lincoln
jstor_daily,https://daily.jstor.org/,JSTOR Daily,New York City
jsunnews,https://www.jacksonsun.com/,Jackson Sun,Jackson
juneauempire,https://www.juneauempire.com/,Juneau Empire,Juneau
justthenews,https://justthenews.com/,Just the News,Washington
kakenews,https://www.kake.com/,KAKE News,Wichita
kansasdotcom,https://www.kansas.com/,Wichita Eagle,Witchita
kark4news,https://www.kark.com/,KARK 4 News,Little Rock
katvnews,https://katv.com/,KATV News,Little Rock
kcautv,https://www.siouxlandproud.com/,KCAU,Sioux City
kccinews,https://www.kcci.com/,KCCI,Des Moines
kcdefender,https://www.kansascitydefender.com/,Kansas City Defender,Kansas City
kcrg,https://www.kcrg.com/,KCRG,Cedar Rapids
kcrw,https://www.kcrw.com/,KCRW,Los Angeles
kcstar,https://www.kansascity.com/,Kansas City Star,Kansas City
kcur,http://www.kcur.org/,KCUR,Kansas City
kerrville,https://dailytimes.com/,Kerrville Daily Times,Kerrville
ketv,https://www.ketv.com/,KETV NewsWatch 7,Omaha
kgounews,https://www.kgou.org,KGOU,Norman
khnews,https://khn.org/,KFF Health News,Washington
khonnews,https://www.khon2.com/,KHON2 News,Honolulu
khou,https://www.khou.com/,KHOU,Houston
king5seattle,https://www.king5.com/,KING5,Seattle
kinstonfp,https://www.kinston.com/,The Kinston/Jones Free Press,Kinston
kitsapsun,https://www.kitsapsun.com/,Kitsap Sun,Kitsap
kitv4,https://www.kitv.com/,KITV4,Honolulu
knockdotla,https://knock-la.com/,Knock.LA,Los Angeles
knoxnews,https://www.knoxnews.com/,The Knoxville News-Sentinel,Knoxville
knprnews,https://knpr.org/,Nevada Public Radio,Las Vegas
komunews,https://www.komu.com/,KOMU,Columbia
kpbs,https://www.kpbs.org/,KPBS,San Diego
kpcc,https://www.kpcc.org/,KPCC,Los Angeles
kpcwradio,https://www.kpcw.org/,KPCW,Park City
kpr_frankfort,https://wfpl.org/,WFPL,Louisville
kqed,https://www.kqed.org/,KQED,San Francisco
ksnnews,https://www.ksn.com/,KSN News,Wichita
ktla,https://ktla.com,KTLA,Los Angeles
ktoopubmedia,https://www.ktoo.org/,KTOO,Juneau
kuarpublicradio,https://www.ualrpublicradio.org/,KUAR,Little Rock
kut,https://www.kut.org/,KUT,Austin
kvoa,https://www.kvoa.com/,News 4,Tucson
kvpr,https://www.kvpr.org/,Valley Public Radio,Clovis
kvue,https://www.kvue.com/,KVUE,Austin
kxan_news,https://www.kxan.com/,KXAN,Austin
kystandard,https://www.kystandard.com/,Kentucky Standard,Bardstown
labornotes,https://www.labornotes.org/,Labor Notes,Detroit
lacrossetribune,https://lacrossetribune.com/,LaCrosse Tribune,LaCrosse
lagrangenews,https://www.lagrangenews.com,The LaGrange Daily News,LaGrange
laist,https://laist.com/,LAist,Los Angeles
lasvegassun,https://lasvegassun.com/,Las Vegas Sun,Las Vegas
lataco,https://www.lataco.com/,L.A. Taco,Los Angeles
latimes,https://www.latimes.com,Los Angeles Times,Los Angeles
ldnews,https://www.ldnews.com/,Lebanon Daily News,Lebanon
leadertelegram,https://www.leadertelegram.com/,Eau Claire Leader-Telegram,Eau Claire
leafchronicle,https://www.theleafchronicle.com/,Clarksville Leaf Chronicle,Clarksville
lebanontown,https://lebtown.com/,LebTown,Lebanon
ledgerenquirer,https://www.ledger-enquirer.com,The Ledger-Enquirer,Columbus
levernews,https://www.levernews.com/,Lever,Denver
lewistontribune,https://lmtribune.com/,Lewiston Tribune,Lewiston
lex18news,https://www.lex18.com/,LEX 18 News,Lexington
lexdispatch,https://www.the-dispatch.com/,The Dispatch,Lexington
littlevillage,https://littlevillagemag.com/,Little Village,Iowa City
livingstondaily,https://www.livingstondaily.com/,Livingston County Daily Press & Argus,Livingston
ljworld,https://www2.ljworld.com/,Lawrence Journal-World,Lawrence
lohud,https://www.lohud.com/,The Westchester County Journal News,White Plains
lookoutscruz,https://lookout.co/santacruz/,Lookout Santa Cruz,Santa Cruz
lsjnews,https://www.lansingstatejournal.com/,Lansing State Journal,Lansing
lubbockonline,https://www.lubbockonline.com/,Lubbock Avalanche-Journal,Lubbock
macrumors,https://www.macrumors.com/,MacRumors,Virginia
mainemonitor,https://themainemonitor.org/,Maine Monitor,Augusta
mansfieldnj,https://www.mansfieldnewsjournal.com/,Mansfield News Journal,Mansfield
marfaradio,https://marfapublicradio.org/,Marfa Public Radio,Marfa
marshallproj,https://www.themarshallproject.org/,Marshall Project,New York City
marylandmatters,https://www.marylandmatters.org/,Maryland Matters,Takoma Park
mashable,https://mashable.com/,Mashable,Silicon Valley
mcall,https://www.mcall.com/,The Morning Call,Allentown
mcclatchydc,http://www.mcclatchydc.com,McClatchy DC,Washington
mddailyrecord,https://thedailyrecord.com/,Maryland Daily Record,Baltimore
mdjonline,https://www.mdjonline.com,Marietta Daily Journal,Marietta
media_outlier,https://outliermedia.org/,Outlier Media,Detroit
mediaite,https://www.mediaite.com/,Mediaite,New York City
memphisnews,https://www.commercialappeal.com/,Commercial Appeal,Memphis
mercedsunstar,http://www.mercedsunstar.com,Merced Sun Star,Merced
mercnews,https://www.mercurynews.com/,Mercury News,San Jose
metrowestdaily,https://www.metrowestdailynews.com/,MetroWest Daily News,Framingham
mgmadvertiser,https://www.montgomeryadvertiser.com/,Montgomery Advertiser,Montgomery
miamiherald,https://www.miamiherald.com/,Miami Herald,Miami
michigandaily,https://www.michigandaily.com/,Michigan Daily,Ann Arbor
midnight_sun_ak,https://midnightsunak.com/,Midnight Sun,Anchorage
milforddaily,https://www.milforddailynews.com/,Milford Daily News,Milford
minnpost,https://www.minnpost.com/,MinnPost,Minneapolis
missoulian,https://missoulian.com/,Missoulian,Missoula
miwisconsin,https://miwisconsin.com/,mi wisconsin,Madison
mlnow,https://missionlocal.org/,Mission Local,San Francisco
mmfa,https://www.mediamatters.org/,Media Matters,Washington
mnherald,https://www.marshfieldnewsherald.com/,Marshfield News-Herald,Marshfield
mo_independent,https://missouriindependent.com/,Missouri Independent,Jefferson City
modbee,http://www.modbee.com,The Modesto Bee,Modesto
mongabay,http://www.mongabay.com/,Mongabay,Menlo Park
moreperfectus,https://perfectunion.us/,More Perfect Union,Washington
morningbrew,https://www.morningbrew.com/,Morning Brew,New York City
motherjones,https://www.motherjones.com/,Mother Jones,San Francisco
msfreepress,https://www.mississippifreepress.org/,Mississippi Free Press,Jackson
msn,https://www.msn.com/,MSN,Redmond
msnbc,https://www.msnbc.com/,MSNBC,New York City
mstodaynews,https://mississippitoday.org/,Mississippi Today,Jackson
mtfreepress,https://montanafreepress.org/,Montana Free Press,Helena
mtnstspotlight,https://mountainstatespotlight.org/,Mountain State Spotlight,Charleston
mtshastanews,https://www.mtshastanews.com/,Mount Shasta Herald,Mt. Shasta
mtvnews,https://www.mtv.com/news/,MTV News,New York City
mwtnews,https://www.mrt.com/,Midland Reporter-Telegram,Midland
mydelmarvanow,https://www.delmarvanow.com/,Salisbury Daily Times,Salisbury
mydesert,https://www.desertsun.com/,The Desert Sun,Palm Springs
natgeo,https://www.nationalgeographic.com/,National Geographic,Washington
nationaljournal,https://www.nationaljournal.com/,National Journal,Washington
nbcbayarea,https://www.nbcbayarea.com/,NBC Bay Area,San Francisco
nbcchicago,https://www.nbcchicago.com/,NBC Chicago,Chicago
nbcconnecticut,https://www.nbcconnecticut.com/,NBC Connecticut,West Hartford
nbcdfw,https://www.nbcdfw.com/,NBC DFW,Dallas
nbcnews,https://www.nbcnews.com/,NBC News,New York City
nbcphiladelphia,https://www.nbcphiladelphia.com/,NBC10 Philadelphia,Philadelphia
nbsunjournal,https://www.newbernsj.com/,New Bern Sun Journal,New Bern
ncronline,https://www.ncronline.org/,National Catholic Reporter,Kansas City
ndn,https://www.naplesnews.com/,Naples Daily News,Naples
nebpublicmedia,https://nebraskapublicmedia.org/en/,Nebraska Public Media,Lincoln
neheadlines,https://www.thenewsenterprise.com/,Hardin News-Enterprise,Hardin County
newarkadvocate,https://www.newarkadvocate.com/,Newark Advocate,Newark
newrepublic,https://newrepublic.com/,New Republic,New York City
news12nj,https://newjersey.news12.com/,News12NJ,Edison
news3lv,https://news3lv.com/,KSNV News 3,Las Vegas
newschannelne,https://metro.newschannelnebraska.com/,News Channel Nebraska,Norfolk
newsday,https://www.newsday.com/,Newsday,Long Island
newshour,https://www.pbs.org/newshour/,PBS News Hour,Washington
newsleadernow,https://www.newsleader.com/,Staunton Daily News Leader,Staunton
newsmax,https://www.newsmax.com/,Newsmax,Boca Raton
newsminer,https://www.newsminer.com/,Fairbanks Daily News-Miner,Fairbanks
newsobserver,http://www.newsobserver.com,The News And Observer,Raleigh
newspressnow,https://www.newspressnow.com/,St. Joseph News Press,St. Joseph
newsrepublican,https://www.newsrepublican.com/,Boone News Republican,Boone
newstribune,https://www.newstribune.com/,Jefferson City News Tribune,Jefferson City
newsweek,https://www.newsweek.com/,Newsweek,New York City
newyorker,https://www.newyorker.com/,New Yorker,New York City
nextcityorg,https://nextcity.org/,Next City,Philadelphia
nhpr,https://www.nhpr.org/,New Hampshire Public Radio,Manchester
nhregister,https://www.nhregister.com/,New Haven Register,New Haven
niemanlab,https://www.niemanlab.org/,Nieman Lab,Cambridge
njherald,https://www.njherald.com/,New Jersey Herald,Newton
not_the_bee,https://notthebee.com/,Not the Bee,Jupiter
northjersey,https://www.northjersey.com/,northjersey.com,Hackensack
norwichbulletin,https://www.norwichbulletin.com/,The Norwich Bulletin,Norwich
npr,https://www.npr.org/,NPR,Washington
nro,https://www.nationalreview.com/,National Review,Washington
ntdaily,https://www.ntdaily.com/,North Texas Daily,Denton
nwademgaz,https://www.nwaonline.com/,Northwest Arkansas Democrat-Gazette,Fayetteville
nwfdailynews,https://www.nwfdailynews.com/,Northwest Florida Daily News,Fort Walton Beach
ny1,https://www.ny1.com/,NY1,New York City
nybooks,https://www.nybooks.com/,New York Review of Books,New York City
nydailynews,https://www.nydailynews.com/,Daily News,New York City
nymag,https://nymag.com/,New York,New York City
nypost,https://nypost.com/,New York Post,New York City
nysfocus,http://www.nysfocus.com/,New York Focus,New York City
nytimes,https://www.nytimes.com,New York Times,New York City
oaklandside,https://oaklandside.org/,The Oaklandside,Oakland
oann,https://www.oann.com/,One America News Network,San Diego
objectivejrn,https://objectivejournalism.org/,Objective,Los Angeles
ocalastarbanner,https://www.ocala.com/,Ocala StarBanner,Ocala
ocregister,https://www.ocregister.com/,Orange County Register,Anaheim
oglethorpe_echo,https://www.theoglethorpeecho.com/,Oglethorpe Echo,Oglethorpe
okayplayer,https://www.okayplayer.com/,okayplayer,Philadelphia
oklahomawatch,https://oklahomawatch.org/,Oklahoma Watch,Oklahoma City
onlineathens,https://www.onlineathens.com/,Athens Banner-Herald,Athens
onwnews,https://www.thenorthwestern.com/,Oshkosh Northwestern,Oshkosh
opensecretsdc,http://www.opensecrets.org/,OpenSecrets,Washington
openvallejo,https://www.openvallejo.org/,Open Vallejo,Vallejo
orcapchronicle,https://oregoncapitalchronicle.com/,Oregon Capital Chronicle,Salem
oregonian,https://www.oregonlive.com/,Oregonian,Portland
oronline,https://observer-reporter.com/,Observer-Reporter,Washington
ottumwacourier,https://www.ottumwacourier.com/,Ottumwa Courier,Ottumwa
owhnews,https://omaha.com/,Omaha World Herald,Omaha
pagesix,https://pagesix.com/,Page Six,New York City
patriotledger,https://www.patriotledger.com/,The Patriot Ledger,Quincy
pbpost,https://www.palmbeachpost.com/,The Palm Beach Post,West Palm Beach
pcnewsherald,https://www.portclintonnewsherald.com/,Port Clinton News Herald,Port Clinton
pekindailytimes,https://www.pekintimes.com/,Pekin Daily Times,Pekin
peninsupress,https://peninsulapress.com/,Peninsula Press,Palo Alto
people,https://people.com/,People,New York City
petoskeynews,https://www.petoskeynews.com/,Petoskey News-Review,Petoskey
phillyinquirer,https://www.inquirer.com/,Philadelphia Inquirer,Philadelphia
phillytrib,https://www.phillytrib.com/,Philadelphia Tribune,Philadelphia
phoenixluc,https://loyolaphoenix.com/,Loyola Phoenix,Chicago
pi_news,https://www.pal-item.com/,Richmond Palladium-Item,Richmond
pinjnews,https://pinjnews.org/,Pittsburgh Institute for Nonprofit Journalism,Pittsburgh
pioneerpress,https://www.twincities.com/,Twin Cities Pioneer Press,St. Paul
pitchfork,https://pitchfork.com/,Pitchfork,Chicago
pittsburghpg,https://www.post-gazette.com/,Pittsburgh Post-Gazette,Pittsburgh
pjstar,https://www.pjstar.com/,Peoria Journal Star,Peoria
platformer,https://www.platformer.news/,Platformer,San Francisco
pnj,https://www.pnj.com/,Pensacola News Journal,Pensacola
poconorecord,https://www.poconorecord.com/,Pocono Record,Stroudsburg
pointreyeslight,https://www.ptreyeslight.com/,Point Reyes Light,Point Reyes
pokjournal,https://www.poughkeepsiejournal.com/,Poughkeepsie Journal,Poughkeepsie
politico,https://www.politico.com/,POLITICO,Washington
politifact,https://www.politifact.com/,Politifact ,Washington
ponews,https://www.publicopiniononline.com/,Chambersburg Public Opinion,Chambersburg
portlandmercury,https://www.portlandmercury.com/,Portland Mercury,Portland
postandcourier,https://www.postandcourier.com/,Post and Courier,Charleston
postcrescent,https://www.postcrescent.com/,Appleton Post Crescent,Appleton
powerlineus,https://www.powerlineblog.com/,Power Line,Washington
presscitizen,https://www.press-citizen.com/,Iowa City Press-Citizen,Iowa City
pressconnects,https://www.pressconnects.com/,Binghamton Press & Sun-Bulletin,Binghamton
pressenterprise,https://www.pe.com/,Riverside Press-Enterprise,Riverside
pressherald,https://www.pressherald.com/,Portland Press Herald,Portland
prismreports,https://prismreports.org/,Prism,Oakland
prisonjourn,https://prisonjournalismproject.org/,Prison Journalism Project,Chicago
progressindex,https://www.progress-index.com/,The Progress-Index,Petersburg
projo,https://www.providencejournal.com/,The Providence Journal,Providence
proof,https://www.proofnews.org/,Proof News,New York City
propublica,https://www.propublica.org/,ProPublica,New York City
publicintegrity,https://publicintegrity.org/,Center for Public Integrity,Washington
publicopinionsd,https://www.thepublicopinion.com/,Watertown Public Opinion,Watertown
pucknews,https://puck.news/,Puck,New York City
pulitzercenter,http://www.pulitzercenter.org/,Pulitzer Center,Washington
punchbowlnews,https://punchbowl.news/,Punchbowl News,Washington
qctimes,https://qctimes.com/,Quad City Times,Davenport
qz,https://qz.com/,Quartz,New York City
rawstory,https://www.rawstory.com/,Raw Story,Washington
realclearnews,https://www.realclearpolitics.com/,Real Clear Politics,Washington
realdailywire,https://www.dailywire.com/,Daily Wire,Nashville
reason,https://reason.com/,Reason,Washington
reckonnews,https://www.reckon.news/,Reckon,Montgomery
recordnet,https://www.recordnet.com/,Stockton Record,Stockton
recordonline,https://www.recordonline.com/,Times Herald-Record,Middletown
recordpub,https://www.record-courier.com/,Kent Ravenna Record-Courier,Kent
redstate,https://redstate.com/,RedState,Washington
reductress,https://reductress.com/,Reductress,New York City
registerguard,https://www.registerguard.com/,The Register Guard,Eugene
reporternews,https://www.reporternews.com/,Abilene Reporter News,Abilene
restofworld,https://restofworld.org/,Rest of World,New York City
reveal,https://revealnews.org/,Reveal,Emeryville
reviewjournal,https://www.reviewjournal.com/,Las Vegas Review-Journal,Las Vegas
rgj,https://www.rgj.com/,Reno Gazette-Journal,Reno
rgvfox,https://foxnewssouthtexas.com/,Fox South Texas,McAllen
rhherald,http://www.heraldonline.com,The Herald,Rock Hill
ringer,https://www.theringer.com/,Ringer,Los Angeles
rollcall,https://rollcall.com/,Roll Call,Washington
rollingstone,https://www.rollingstone.com/,Rolling Stone,New York City
romenewstribune,https://www.northwestgeorgianews.com/rome,Rome News-Tribune,Rome
rtdnews,https://richmond.com/,Richmond Times-Dispatch,Richmond
ruidosonews,https://www.ruidosonews.com/,Ruidoso News,Ruidoso
sacbee_news,https://www.sacbee.com/,Sacramento Bee,Sacramento
sahanjournal,https://sahanjournal.com/,Sahan Journal,Minneapolis
salem_statesman,https://www.statesmanjournal.com/,Salem Statesman Journal,Salem
salinajournal,https://www.salina.com/,Salina Journal,Salina
salnews,https://www.thecalifornian.com/,The Salinas Californian,Salinas
salon,https://www.salon.com/,Salon,New York City
savannahnow,https://www.savannahnow.com,Savannah Morning News,Savannah
sbnation,https://www.sbnation.com/,SB Nation,New York City
scalawagmag,https://scalawagmagazine.org/,Scalawag,Durham
scotusblog,https://www.scotusblog.com/,SCOTUS Blog,Washington
scsentinel,https://www.santacruzsentinel.com/,Santa Cruz Sentinel,Santa Cruz
scsunnews,https://www.scsun-news.com/,Silver City Sun News,Silver City
sctimes,https://www.sctimes.com/,St. Cloud Times,St. Cloud
sdut,https://www.sandiegouniontribune.com/,San Diego Union Tribune,San Diego
seacoastonline,https://www.seacoastonline.com/,Seacoastonline.com,Portsmouth
searchlightnm,https://searchlightnm.org/,Searchlight New Mexico,Sante Fe
seattletimes,https://www.seattletimes.com/,Seattle Times,Seattle
semafor,https://www.semafor.com/,Semafor,New York City
sfchronicle,https://www.sfchronicle.com/,San Francisco Chronicle,San Francisco
sfstandard,https://sfstandard.com/,The San Francisco Standard,San Francisco
sgfcitizen,https://sgfcitizen.org/,Springfield Daily Citizen,Springfield
sheboyganpress,https://www.sheboyganpress.com/,Sheboygan Press,Sheboygan
shelbystar,https://www.shelbystar.com/,The Shelby Star,Shelby
sherwood_news,https://sherwood.news/,Sherwood News,New York City
shillsalmanac,https://thealmanac.net/,South Hills Almanac,South Hills
shinysheet,https://www.palmbeachdailynews.com/,Palm Beach Daily News,West Palm Beach
shreveporttimes,https://www.shreveporttimes.com/,Shreveport Times,Shreveport
signalcleveland,https://signalcleveland.org/,Signal Cleveland,Cleveland
sinow,https://www.si.com/,Sports Illustrated,New York City
siskiyou_daily,https://www.siskiyoudaily.com/,The Siskiyou Daily News,Yreka
sjrbreaking,https://www.sj-r.com/,The State Journal-Register,Springfield
sjspotlight,https://www.sanjosespotlight.com/,San José Spotlight,San Jose
sjvwater,https://sjvwater.org/news/,SJV Water,Bakersfield
slate,https://slate.com/,Slate,New York City
slotribune,http://www.sanluisobispo.com,The Tribune,San Luis Obispo
sltimes,https://www.stormlake.com/,Storm Lake Times,Storm Lake
sltrib,https://www.sltrib.com/,Salt Lake Tribune,Salt Lake City
sludge,https://readsludge.com/,Sludge,Brooklyn
source_nm,https://sourcenm.com/,Source New Mexico,Sante Fe
southcoasttoday,https://www.southcoasttoday.com/,SouthCoastToday.com,New Bedford
southsideweekly,https://southsideweekly.com/,South Side Weekly,Chicago
spacedotcom,https://www.space.com/,Space.com,New York City
spacenews_inc,https://spacenews.com/,Space News,Washington
spectrumnews,https://www.thespectrum.com/,The Spectrum,Salt Lake City
spokesmanreview,https://www.spokesman.com/,Spokesman-Review,Spokane
spotlight4dc,https://spotlightdc.org/,Spotlight DC,Washington
spotlightpa,https://www.spotlightpa.org/,Spotlight PA,Harrisburg
springfieldnl,https://www.news-leader.com/,Springfield News-Leader,Springfield
stamadvocate,https://www.stamfordadvocate.com/,Stamford Advocate,Stamford
standardex,https://www.standard.net/,Ogden Standard-Examiner,Ogden
staradvertiser,https://www.staradvertiser.com/,Honolulu Star-Advertiser,Honolulu
stargazette,https://www.stargazette.com/,Elmira Star Gazette,Elmira
starnewsonline,https://www.starnewsonline.com/,Wilmington Star-News,Wilmington
startelegram,https://www.star-telegram.com/,Fort Worth Star-Telegram,Fort Worth
startribune,https://www.startribune.com/,Minneapolis Star Tribune,Minneapolis
statejournal,https://www.state-journal.com/,Frankfort State Journal,Frankfort
statesman,https://www.statesman.com/,Austin Statesman,Austin
statnews,https://www.statnews.com/,STAT,Boston
staugrecord,https://www.staugustine.com/,The St. Augustine Record,St. Augustine
stevenspointjrl,https://www.stevenspointjournal.com/,Stevens Point Journal,Stevens Point
stlpublicradio,http://www.stlpublicradio.org/,St. Louis Public Radio,St. Louis
stltoday,https://www.stltoday.com/,St. Louis Post-Dispatch,St. Louis
strikewave,https://www.thestrikewave.com/,Strikewave,Troy
studyfindsorg,https://studyfinds.org/,Study Finds,Baltimore
sturgisnewsroom,https://www.sturgisjournal.com/,Sturgis Journal,Sturgis
sunherald,http://www.sunherald.com,Sun Herald,Biloxi
suntimes,https://chicago.suntimes.com/,Chicago Sun-Times,Chicago
taskandpurpose,https://taskandpurpose.com/,Task & Purpose,Washington
tauntontogo,https://www.tauntongazette.com/,Taunton Daily Gazette,Taunton
tb_times,https://www.tampabay.com/,Tampa Bay Times,Tampa
tci_newsroom,https://www.tricountyindependent.com/,Tri-County Independent,Honesdale
tcpalm,https://www.tcpalm.com/,Treasure Coast,Port St. Lucie
tdonline,https://www.tallahassee.com/,Tallahassee Democrat,Tallahassee
teamtrace,https://www.thetrace.org/,Trace,Brooklyn
techcrunch,https://techcrunch.com/,TechCrunch,San Francisco
techmeme,https://www.techmeme.com/,TechMeme,Silicon Valley
technical_ly,https://technical.ly/,Technical.ly,Philadelphia
techreview,https://www.technologyreview.com/,MIT Technology Review,Cambridge
teenvogue,https://www.teenvogue.com/,Teen Vogue,New York City
telegramdotcom,https://www.telegram.com/,Worcester Telegram & Gazette,Worcester
telegraphga,https://www.macon.com,The Telegraph,Macon
telegraphherald,https://www.telegraphherald.com/,Dubuque Telegraph Herald,Dubuque
tennessean,https://www.tennessean.com/,Nashville Tennessean,Nashville
texasmonthly,https://www.texasmonthly.com/,Texas Monthly,Austin
texasobserver,https://www.texasobserver.org/,Texas Observer,Austin
texastribune,https://www.texastribune.org/,Texas Tribune,Austin
the_ccij,https://investigatemidwest.org/,InvestigateMidwest,Champaign
the_daily_world,https://www.dailyworld.com/,Opelousas Daily World,Opelousas
the_news_herald,https://www.newsherald.com/,Panama City News-Herald,Panama City
the74,https://www.the74million.org/,74th,New York City
theadvertiser,https://www.theadvertiser.com/,Lafayette Daily Advertiser,Lafayette
thealligator,https://www.alligator.org/,Alligator,Gainesville
theappeal,https://theappeal.org/,Appeal,New York City
theaspentimes,https://www.aspentimes.com/,Aspen Times,Aspen
theathletic,https://theathletic.com/,Athletic,New York City
theatlantic,https://www.theatlantic.com/,Atlantic,Washington
thebabylonbee,https://babylonbee.com/,Babylon Bee,Jupiter
thebafflermag,https://thebaffler.com/,Baffler,New York City
theblaze,https://www.theblaze.com/,Blaze,Irving
theblock__,https://www.theblock.co/,Block,New York City
thebuffalonews,https://buffalonews.com/,Buffalo News,Buffalo
thecityny,https://www.thecity.nyc/,The City,New York City
thecut,https://www.thecut.com/,The Cut,New York City
thedailybeast,https://www.thedailybeast.com/,Daily Beast,New York City
thedailyclimate,https://www.dailyclimate.org/,Daily Climate,Bozeman
thedailyherald,https://www.columbiadailyherald.com/,The Daily Herald,Columbia
thedailyjournal,https://www.thedailyjournal.com/,Vineland Daily Journal,Vineland
thedailyrecord,https://www.the-daily-record.com/,The Daily Record,Wooster
thedailytimes,https://www.daily-times.com/,Farmington Daily Times,Farmington
thedbk,https://dbknews.com/,The Diamondback,College Park
thedepaulia,https://depauliaonline.com/,DePaulia,Chicago
thedispatch,https://thedispatch.com/,Dispatch,Washington
theeveningsun,https://www.eveningsun.com/,Hanover Evening Sun,York
thegleanernews,https://www.thegleaner.com/,The Gleaner,Henderson
thegrio,https://thegrio.com/,Grio,New York City
thehawkeye,https://www.thehawkeye.com/,The Hawk Eye,Burlington
theherald_sun,http://www.heraldsun.com,The Herald-Sun,Raleigh
theheraldtimes,https://www.heraldtimesonline.com/,The Herald-Times,Bloomington
thehill,https://thehill.com/,The Hill,Washington
theinformation,https://www.theinformation.com/,The Information,Silicon Valley
theintellnews,https://www.theintell.com/,The Intelligencer,Doylestown
theintercept,https://theintercept.com/,Intercept,New York City
thejaxtrib,https://jaxtrib.org/,Tributary,Jacksonville
thelasentinel,https://lasentinel.net/,Los Angeles Sentinel,Los Angeles
theledger,https://www.theledger.com/,The Lakeland Ledger,Lakeland
thelensnola,http://thelensnola.org/,Lens,New Orleans
themarionstar,https://www.marionstar.com/,Marion Star,Marion
themarkup,https://themarkup.org/,The Markup,New York City
themendovoice,https://mendovoice.com/,Mendoncino Voice,Ukiah
thenation,https://www.thenation.com/,The Nation,New York City
thenewmexican,https://www.santafenewmexican.com/,Santa Fe New Mexican,Sante Fe
thenewportdaily,https://www.newportri.com/,The Newport Daily News,Newport
thenewspress,https://www.news-press.com/,Fort Myers News-Press,Fort Myers
thenewsstar,https://www.thenewsstar.com/,Monroe News-Star,Monroe
thenewstribune,http://www.thenewstribune.com,The News Tribune,Tacoma
theobserver,https://www.charlotteobserver.com/,Charlotte Observer,Charlotte
theoklahoman_,https://www.oklahoman.com/,Oklahoman,Oklahoma City
theolympian,http://www.theolympian.com,The Olympian,Olympia
theonion,https://theonion.com,Onion,Chicago
thepearlpost,https://www.thepearlpost.com/,Pearl Post,Lake Balboa
theperrychief,https://www.theperrychief.com/,Perry Chief,Perry
thephilacitizen,https://thephiladelphiacitizen.org/,Philadelphia Citizen,Philadelphia
thepostregister,https://www.postregister.com/,The Post Register,Idaho Falls
theprospect,https://prospect.org/,American Prospect,Washington
thepupnews,https://www.unionprogress.com/,Pittsburgh Union Progress,Pittsburgh
therealnews,https://therealnews.com/,Real News,Baltimore
therecordherald,https://www.therecordherald.com/,Waynesboro Record Herald,Waynesboro
theroot,https://www.theroot.com/,Root,New York City
thestarpress,https://www.thestarpress.com/,Muncie Star Press,Muncie
thestate,http://www.thestate.com,The State,"1927 Thurmond Mall, Suite 102, Columbia, SC 29201"
thesunnews,http://www.myrtlebeachonline.com,Sun News,Myrtle Beach
thetimesnews,https://www.thetimesnews.com/,Burlington Times-News,Burlington
thetriibe,https://thetriibe.com/,The TriiBE,Chicago
thevdt,https://www.valdostadailytimes.com,Valdosta Daily Times,Valdosta
theweek,https://theweek.com/,The Week,New York City
thewrap,https://www.thewrap.com/,Wrap,Los Angeles
thr,https://www.hollywoodreporter.com/,Hollywood Reporter,Los Angeles
thv11,https://www.thv11.com/,THV 11,Little Rock
tiftongazette1,https://www.tiftongazette.com,Tifton Gazette,Tifton
time,https://time.com/,TIME,New York City
times_mail,https://www.reporter-times.com/,Times Mail,Martinsville
timesenterprise,https://www.timesenterprise.com,The Times-Enterprise,Thomasville
timesgazette,https://www.times-gazette.com/,Ashland Times Gazette,Ashland
timesherald,https://www.times-herald.com,The Newnan Times-Herald,Newnan
timesrecord,https://www.swtimes.com/,Southwest Times Record,Fort Smith
timesrecorder,https://www.zanesvilletimesrecorder.com/,Zanesville Times Recorder,Zanesville
timesrecordnews,https://www.timesrecordnews.com/,Times Record News,Wichita Falls
timestelegram,https://www.timestelegram.com/,The Times Telegram,Utica
tmz,https://www.tmz.com/,TMZ,Los Angeles
toacornnews,https://www.toacorn.com/,Thousand Oaks Acorn,Thousand Oaks
torrentfreak,https://torrentfreak.com/,TorrentFreak,San Francisco
townhallcom,https://townhall.com/,Townhall,Washington
towntalkdotcom,https://www.thetowntalk.com/,Alexandria Town Talk,Alexandria
tpm,https://talkingpointsmemo.com/?,TPM,New York City
tprnews,https://www.tpr.org/,Texas Public Radio,San Antonio
tricityherald,http://www.tri-cityherald.com,Tri-City Herald,Kennewick
trohio,https://www.timesreporter.com/,Times Reporter,New Philadelphia
truthout,https://truthout.org/,Truthout,San Francisco
tucsonsentinel,http://www.tucsonsentinel.com/,Tucson Sentinel,Tucson
tucsonstar,https://tucson.com/,Arizona Daily Star,Tucson
tuscaloosanews,https://www.tuscaloosanews.com/,Tuscaloosa News,Tuscaloosa
tylerpaper,https://tylerpaper.com/,Tyler Morning Telegraph,Tyler
umd_sbs,https://umdsbs.wordpress.com/,Stories Beneath the Shell,College Park
ur_ninja,https://unicornriot.ninja/,Unicorn Riot,Minneapolis
usatoday,https://www.usatoday.com/,USA Today,Washington
usnews,https://www.usnews.com/,U.S. News & World Report,Washington
usweekly,https://www.usmagazine.com/,Us Weekly,New York City
uticaod,https://www.uticaod.com/,Utica Observer-Dispatch,Utica
uvaldenews,https://www.uvaldeleadernews.com/,Uvalde News-Leader,Uvalde
vanityfair,https://www.vanityfair.com/,Vanity Fair,New York City
variety,https://variety.com/,Variety,Los Angeles
vcstar,https://www.vcstar.com/,Ventura County Star,Camarillo
venturebeat,https://venturebeat.com/,VentureBeat,San Francisco
verge,https://www.theverge.com/,Verge,New York City
vermontpublic,https://www.vermontpublic.org/,Vermont Public,Colchester
verticalmag,https://verticalmag.com/,Vertical,Kitchener
vicenews,https://www.vice.com/en/section/news,Vice News,New York City
voguemagazine,https://www.vogue.com/,Vogue,New York City
voiceofoc,https://www.voiceofoc.org/,Voice of OC,Santa Ana
voiceofsandiego,https://voiceofsandiego.org/,Voice of San Diego,San Diego
voicesofbay,https://voicesofmontereybay.org/,Voices of Monterey Bay,Monterey
votebeatus,https://www.votebeat.org/,Votebeat,Washington
voxdotcom,https://www.vox.com/,Vox,New York City
vtdigger,https://vtdigger.org/,VT Digger,Burlington
vtdnews,https://www.visaliatimesdelta.com/,Visalia Times Delta,Visalia
vulture,https://www.vulture.com/,Vulture,New York City
vvdailypress,https://www.vvdailypress.com/,Victorville Daily Press,Victorville
wabenews,https://www.wabe.org,WABE News,Atlanta
walbnews10,https://www.walb.com,WALB News 10,Albany
washingtonpost,https://www.washingtonpost.com/,Washington Post,Washington
washtimes,https://www.washingtontimes.com/,Washington Times,Washington
wausauherald,https://www.wausaudailyherald.com/,Wausau Daily Herald,Wausau
wave3news,https://www.wave3.com/,WAVE,Louisville
wbez,https://www.wbez.org/,WBEZ,Chicago
wbrcnews,https://www.wbrc.com/,WBRC FOX6 News,Birmingham
wbtv_news,https://www.wbtv.com/,WBTV,Charlotte
wbur,https://www.wbur.org/,WBUR,Boston
wcfcourier,https://wcfcourier.com/,Waterloo-Cedar Falls Courier,Waterloo
wdrbnews,https://www.wdrb.com/,WDRB News,Louisville
wearehpr,https://www.hawaiipublicradio.org/,Hawaii Public Radio,Honolulu
weatherchannel,https://weather.com/,Weather Channel,Atlanta
weeklycitizen,https://www.weeklycitizen.com/,Gonzales Weekly Citizen,Gonzales
wfaa,https://www.wfaa.com/,WFAA,Dallas
wfxl,https://www.wfxl.com,Fox 31 WFXL-TV,Albany
wgnnews,https://wgntv.com/,WGN,Chicago
wgrz,https://www.wgrz.com/,WGRZ,Buffalo
whas11,https://www.whas11.com/,WHAS11 News,Louisville
whyynews,https://whyy.org/news,WHYY,Philadelphia
wickedlocal,https://www.wickedlocal.com/,Wicked Local,Boston
windowscentral,https://www.windowscentral.com/,Windows Central,Redmond
wired,https://www.wired.com/,Wired,San Francisco
wistatejournal,https://madison.com/wsj/,Wisconsin State Journal,Wisconsin
wjbf,https://www.wjbf.com,WJBF,Augusta
wkyt,https://www.wkyt.com/,WKYT,Lexington
wncn,https://www.cbs17.com/,CBS 17,Raleigh
wnpr,https://www.ctpublic.org/,Connecticut Public,Hartford
wnyc,https://www.wnyc.org/,WNYC,New York City
wnyt,https://wnyt.com/,WNYT NewsChannel 13,Albany
wonkette,https://www.wonkette.com/,Wonkette,Detroit
worldnetdaily,https://www.wnd.com/,WND News,Washington
wowt6news,https://www.wowt.com/,6 News WOWT,Omaha
wplglocal10,https://www.local10.com/,WPLG Local 10 News,Miami
wral,https://www.wral.com/,WRAL,Raleigh
wrblnews3,https://www.wrbl.com/,WRBL News 3,Columbus
wrdw_wagt,https://www.wrdw.com,News 12 NBC 26,Augusta
wrtribune,https://www.wisconsinrapidstribune.com/,Wisconsin Rapids Daily Tribune,Wisconsin Rapids
wsav,https://www.wsav.com,WSAV News 3,Savannah
wsbtv,https://www.wsbtv.com,WSB-TV,Atlanta
wsj,https://www.wsj.com/,Wall Street Journal,New York City
wtenews,https://www.wyomingnews.com/,Wyoming Tribune Eagle,Cheyenne
wtoc11,https://www.wtoc.com,WTOC,Savannah
wttw,https://www.wttw.com/,WTTW,Chicago
wtvm,https://www.wtvm.com,WTVM News Leader 9,Columbus
wvgazettemail,https://www.wvgazettemail.com/,Charleston Gazette-Mail,Charleston
wvstatejournal,https://www.wvnews.com/statejournal/,The State Journal,Charleston
yahoonews,https://news.yahoo.com/,Yahoo! News,New York City
yaledailynews,https://yaledailynews.com/,Yale Daily News,New Haven
ycitynewsonline,https://ycitynews.com/,Y-City News,Zanesville
ydrcom,https://www.ydr.com/,York Daily Record,York
yorkdispatch,https://www.yorkdispatch.com/,York Dispatch,York
zerohedge,https://www.zerohedge.com/,ZeroHedge,New York City
